{"cameraMode":{"drawMode":0,"name":"Shaded","section":"Shading Mode"},"sceneLighting":true,"audioPlay":false,"sceneViewState":{"m_AlwaysRefresh":false,"showFog":true,"showSkybox":true,"showFlares":true,"showImageEffects":true,"showParticleSystems":true,"showVisualEffectGraphs":true,"m_FxEnabled":true},"in2DMode":false,"pivot":{"x":0.6152035593986511,"y":0.722682774066925,"z":1.425856113433838},"rotation":{"x":0.0013328231871128083,"y":-0.9983283281326294,"z":0.0518583282828331,"w":0.02575945481657982},"size":0.7551280856132507,"orthographic":false}